,Train Recall,Val Recall,Train Precision,Val Precision,Train FScore,Val FScore
LR,0.6292279411764706,0.6297794117647058,0.8674607197161682,0.866302187194712,0.7293841892179842,0.7292762195594786
Tree,0.9915441176470589,0.7373161764705882,1.0,0.7028519768970946,0.9957541074395422,0.7196316067295361
RF,0.9920955882352941,0.6803308823529411,0.9992593964080726,0.949012340696541,0.9956646065861083,0.7924937709218917
Nyst-SVC,0.6194852941176471,0.6198529411764706,0.9525155455059355,0.952211902420889,0.7507239919803965,0.7508440412315276
Hist-GB,0.7005514705882353,0.6867647058823529,0.9860284605433376,0.9719251925968134,0.8191295002686727,0.8048277849666319
KNN,0.6705882352941176,0.5985294117647059,0.9402061855670103,0.8879462944340668,0.7828326180257511,0.7150540819341856
MLP,0.6920955882352942,0.6814338235294117,0.977922077922078,0.9715048445951389,0.8105489773950484,0.8009867750010983
